{
  "dataByBrowser": {
    "and_chr": {
      "59": 0
    },
    "and_ff": {
      "54": 0
    },
    "and_qq": {
      "1.2": 0
    },
    "and_uc": {
      "11.4": 0
    },
    "android": {
      "3": 0,
      "4": 0,
      "56": 0,
      "2.1": 0,
      "2.2": 0,
      "2.3": 0,
      "4.1": 0,
      "4.2-4.3": 0,
      "4.4": 0,
      "4.4.3-4.4.4": 0
    },
    "baidu": {
      "7.12": 0
    },
    "bb": {
      "7": 0,
      "10": 0
    },
    "chrome": {
      "4": 0,
      "5": 0,
      "6": 0,
      "7": 0,
      "8": 0,
      "9": 0,
      "10": 0,
      "11": 0,
      "12": 0,
      "13": 0,
      "14": 0,
      "15": 0,
      "16": 0,
      "17": 0,
      "18": 0,
      "19": 0,
      "20": 0,
      "21": 0,
      "22": 0,
      "23": 0,
      "24": 0,
      "25": 0,
      "26": 0,
      "27": 0,
      "28": 0,
      "29": 0,
      "30": 0,
      "31": 0,
      "32": 0.18115,
      "33": 0,
      "34": 0.36231,
      "35": 0,
      "36": 0,
      "37": 0,
      "38": 0,
      "39": 0,
      "40": 0,
      "41": 0,
      "42": 0,
      "43": 0,
      "44": 0,
      "45": 0,
      "46": 0,
      "47": 0,
      "48": 0,
      "49": 0.72463,
      "50": 0,
      "51": 0,
      "52": 0.36231,
      "53": 0,
      "54": 0.18115,
      "55": 2.89855,
      "56": 2.71739,
      "57": 1.44927,
      "58": 50.54347,
      "59": 16.12318,
      "60": 0.90579,
      "61": 0.36231,
      "62": 0
    },
    "edge": {
      "12": 0,
      "13": 0,
      "14": 0,
      "15": 0,
      "16": 0
    },
    "firefox": {
      "2": 0,
      "3": 0,
      "4": 0,
      "5": 0,
      "6": 0,
      "7": 0,
      "8": 0,
      "9": 0,
      "10": 0,
      "11": 0,
      "12": 0,
      "13": 0,
      "14": 0,
      "15": 0,
      "16": 0,
      "17": 0,
      "18": 0,
      "19": 0,
      "20": 0,
      "21": 0.18115,
      "22": 0,
      "23": 0,
      "24": 0,
      "25": 0,
      "26": 0,
      "27": 0,
      "28": 0.36231,
      "29": 0.36231,
      "30": 0,
      "31": 0,
      "32": 0,
      "33": 0,
      "34": 0,
      "35": 0,
      "36": 0,
      "37": 0,
      "38": 0,
      "39": 0,
      "40": 0,
      "41": 0,
      "42": 0,
      "43": 0,
      "44": 0,
      "45": 0.36231,
      "46": 0,
      "47": 0,
      "48": 0.36231,
      "49": 0,
      "50": 3.80434,
      "51": 0,
      "52": 0.36231,
      "53": 2.89855,
      "54": 3.07971,
      "55": 0.54347,
      "56": 0,
      "57": 0,
      "3.5": 0,
      "3.6": 0
    },
    "ie": {
      "6": 0,
      "7": 0,
      "8": 0,
      "9": 0,
      "10": 0,
      "11": 0
    },
    "ie_mob": {
      "10": 0,
      "11": 0
    },
    "ios_saf": {
      "8": 0,
      "11": 0,
      "10.0-10.2": 0,
      "10.3": 0,
      "3.2": 0,
      "4.0-4.1": 0,
      "4.2-4.3": 0,
      "5.0-5.1": 0,
      "6.0-6.1": 0,
      "7.0-7.1": 0,
      "8.1-8.4": 0,
      "9.0-9.2": 0,
      "9.3": 0
    },
    "op_mini": {
      "all": 0
    },
    "op_mob": {
      "12": 0,
      "37": 0,
      "12.1": 0
    },
    "opera": {
      "15": 0,
      "16": 0,
      "17": 0,
      "18": 0,
      "19": 0,
      "20": 0,
      "21": 0,
      "22": 0,
      "23": 0,
      "24": 0,
      "25": 0,
      "26": 0,
      "27": 0,
      "28": 0,
      "29": 0,
      "30": 0,
      "31": 0,
      "32": 0,
      "33": 0,
      "34": 0,
      "35": 0,
      "36": 0,
      "37": 0,
      "38": 0,
      "39": 0,
      "40": 0,
      "41": 0,
      "42": 0,
      "43": 0,
      "44": 0,
      "45": 0,
      "46": 0,
      "47": 0,
      "48": 0,
      "10.0-10.1": 0,
      "11.5": 0,
      "12.1": 0
    },
    "safari": {
      "4": 0,
      "5": 0,
      "6": 0,
      "7": 0.18115,
      "8": 0,
      "9": 0,
      "10": 0.72463,
      "11": 0,
      "10.1": 1.99275,
      "3.1": 0,
      "3.2": 0,
      "5.1": 0,
      "6.1": 0,
      "7.1": 0,
      "9.1": 0,
      "TP": 0
    },
    "samsung": {
      "4": 0,
      "5": 0
    }
  },
  "id": "71568934|undefined",
  "meta": {
    "end_date": "2017-07-01",
    "start_date": "2017-06-01"
  },
  "name": "ptb2.me",
  "source": "google_analytics",
  "type": "custom",
  "uid": "custom.71568934|undefined"
}
